"Date","Price","Open","High","Low","Vol.","Change %"
"Jan 24, 2022","113","114","120","111","14.99M","-0.88%"
"Jan 21, 2022","114","115","116","113","6.38M","0.00%"
"Jan 20, 2022","114","112","115","111","9.87M","2.70%"
"Jan 19, 2022","111","111","116","110","11.58M","0.00%"
"Jan 18, 2022","111","112","114","110","3.24M","-0.89%"
"Jan 17, 2022","112","114","115","110","10.84M","-1.75%"
"Jan 14, 2022","114","113","115","111","7.02M","0.88%"
"Jan 13, 2022","113","117","117","111","11.37M","-2.59%"
"Jan 12, 2022","116","121","121","113","16.96M","-3.33%"
"Jan 11, 2022","120","123","123","120","12.55M","-2.44%"
"Jan 10, 2022","123","122","124","122","2.52M","0.82%"
"Jan 07, 2022","122","123","124","122","4.51M","0.00%"
"Jan 06, 2022","122","123","123","121","4.56M","-0.81%"
"Jan 05, 2022","123","124","125","123","3.12M","-0.81%"
"Jan 04, 2022","124","123","126","123","7.45M","0.81%"
"Jan 03, 2022","123","123","125","122","2.97M","0.82%"
"Dec 30, 2021","122","125","125","122","4.11M","-1.61%"
"Dec 29, 2021","124","125","126","123","3.39M","-0.80%"
"Dec 28, 2021","125","124","127","124","4.14M","0.81%"
"Dec 27, 2021","124","122","125","122","2.81M","1.64%"
"Dec 24, 2021","122","122","124","122","2.91M","0.00%"
"Dec 23, 2021","122","123","124","122","3.35M","-0.81%"
"Dec 22, 2021","123","123","126","123","4.37M","0.00%"
"Dec 21, 2021","123","123","125","121","7.78M","0.00%"
"Dec 20, 2021","123","124","125","123","2.96M","-0.81%"
"Dec 17, 2021","124","126","127","123","3.88M","-0.80%"
"Dec 16, 2021","125","127","129","124","8.06M","-1.57%"
"Dec 15, 2021","127","127","129","126","4.07M","0.00%"
"Dec 14, 2021","127","130","130","127","3.88M","-2.31%"
"Dec 13, 2021","130","129","131","128","7.15M","1.56%"
"Dec 10, 2021","128","128","129","127","4.13M","0.00%"
"Dec 09, 2021","128","128","129","126","4.58M","0.00%"
"Dec 08, 2021","128","130","130","127","7.47M","-1.54%"
"Dec 07, 2021","130","127","130","127","6.95M","2.36%"
"Dec 06, 2021","127","131","132","126","7.53M","-3.05%"
"Dec 03, 2021","131","128","134","126","18.83M","3.15%"
"Dec 02, 2021","127","127","128","126","4.55M","0.00%"
"Dec 01, 2021","127","130","130","124","8.86M","-1.55%"
"Nov 30, 2021","129","130","133","127","5.68M","0.00%"
"Nov 29, 2021","129","130","130","122","16.59M","-0.77%"
"Nov 26, 2021","130","135","137","130","15.77M","-3.70%"
"Nov 25, 2021","135","135","136","135","4.79M","0.00%"
"Nov 24, 2021","135","137","138","133","18.42M","-0.74%"
"Nov 23, 2021","136","137","139","135","5.80M","-0.73%"
"Nov 22, 2021","137","137","139","136","7.49M","0.00%"
"Nov 19, 2021","137","136","138","136","4.33M","0.74%"
"Nov 18, 2021","136","137","139","136","8.46M","0.00%"
"Nov 17, 2021","136","137","139","136","10.60M","-0.73%"
"Nov 16, 2021","137","137","139","136","9.81M","0.00%"
"Nov 15, 2021","137","138","140","137","5.18M","-0.72%"
"Nov 12, 2021","138","140","140","137","10.47M","-0.72%"
"Nov 11, 2021","139","140","142","138","11.98M","-0.71%"
"Nov 10, 2021","140","140","142","140","4.00M","0.00%"
"Nov 09, 2021","140","140","145","139","24.63M","0.00%"
"Nov 08, 2021","140","139","141","139","4.24M","0.72%"
"Nov 05, 2021","139","142","142","138","5.41M","-1.42%"
"Nov 04, 2021","141","140","142","140","5.70M","0.71%"
"Nov 03, 2021","140","138","141","136","12.60M","1.45%"
"Nov 02, 2021","138","140","142","138","9.20M","-1.43%"
"Nov 01, 2021","140","138","142","137","11.54M","1.45%"
"Oct 29, 2021","138","136","139","133","10.93M","1.47%"
"Oct 28, 2021","136","141","141","135","27.30M","-3.55%"
"Oct 27, 2021","141","143","146","140","17.28M","-1.40%"
"Oct 26, 2021","143","142","145","138","20.64M","0.70%"
"Oct 25, 2021","142","148","150","142","31.27M","-4.05%"
"Oct 22, 2021","148","150","151","144","24.47M","-1.33%"
"Oct 21, 2021","150","149","156","148","91.26M","0.67%"
"Oct 19, 2021","149","150","152","148","18.37M","-0.67%"
"Oct 18, 2021","150","148","154","147","49.83M","2.04%"
"Oct 15, 2021","147","150","150","146","28.15M","-2.00%"
"Oct 14, 2021","150","143","151","143","50.46M","4.90%"
"Oct 13, 2021","143","146","147","143","14.92M","-1.38%"
"Oct 12, 2021","145","144","151","143","79.30M","0.69%"
"Oct 11, 2021","144","145","147","141","17.90M","-0.69%"
"Oct 08, 2021","145","142","148","142","47.37M","2.11%"
"Oct 07, 2021","142","144","145","140","23.83M","0.71%"
"Oct 06, 2021","141","143","146","141","31.51M","-0.70%"
"Oct 05, 2021","142","144","146","139","40.43M","-1.39%"
"Oct 04, 2021","144","135","149","135","138.41M","6.67%"
"Oct 01, 2021","135","140","149","131","85.78M","3.05%"
"Sep 30, 2021","131","126","131","126","28.10M","4.80%"
"Sep 29, 2021","125","125","128","124","17.08M","0.00%"
"Sep 28, 2021","125","126","127","125","9.39M","0.00%"
"Sep 27, 2021","125","128","128","124","7.70M","-0.79%"
"Sep 24, 2021","126","127","128","124","8.84M","-0.79%"
"Sep 23, 2021","127","128","129","126","8.12M","0.00%"
"Sep 22, 2021","127","126","128","122","6.33M","0.79%"
"Sep 21, 2021","126","128","128","124","19.30M","-2.33%"
"Sep 20, 2021","129","132","132","128","18.03M","-2.27%"
"Sep 17, 2021","132","133","134","131","7.19M","0.00%"
"Sep 16, 2021","132","136","137","132","14.92M","-2.22%"
"Sep 15, 2021","135","136","138","134","30.32M","-0.74%"
"Sep 14, 2021","136","130","138","130","66.06M","4.62%"
"Sep 13, 2021","130","130","131","129","5.59M","0.00%"
"Sep 10, 2021","130","130","132","129","12.25M","0.78%"
"Sep 09, 2021","129","129","133","128","13.07M","0.00%"
"Sep 08, 2021","129","131","134","128","16.43M","-1.53%"
"Sep 07, 2021","131","133","135","130","16.39M","-1.50%"
"Sep 06, 2021","133","131","134","128","29.08M","3.10%"
"Sep 03, 2021","129","129","137","128","105.66M","0.78%"
"Sep 02, 2021","128","123","129","122","39.41M","4.07%"
"Sep 01, 2021","123","123","124","123","6.03M","0.00%"
"Aug 31, 2021","123","123","125","122","16.14M","0.00%"
"Aug 30, 2021","123","124","125","122","7.37M","0.00%"
"Aug 27, 2021","123","123","126","122","16.08M","0.00%"
"Aug 26, 2021","123","124","125","123","3.80M","-0.81%"
"Aug 25, 2021","124","125","126","123","14.84M","-0.80%"
"Aug 24, 2021","125","125","127","123","14.56M","0.00%"
"Aug 23, 2021","125","125","127","122","7.33M","1.63%"
"Aug 20, 2021","123","122","124","121","5.54M","0.00%"
"Aug 19, 2021","123","126","126","121","10.69M","0.00%"
"Aug 18, 2021","123","123","130","122","22.15M","-0.81%"
"Aug 16, 2021","124","128","128","122","8.24M","-0.80%"
"Aug 13, 2021","125","126","129","125","7.44M","-0.79%"
"Aug 12, 2021","126","126","128","125","4.88M","0.00%"
"Aug 10, 2021","126","129","129","126","6.09M","-2.33%"
"Aug 09, 2021","129","130","135","128","24.52M","0.00%"
"Aug 06, 2021","129","130","132","129","6.96M","-0.77%"
"Aug 05, 2021","130","128","132","126","17.28M","1.56%"
"Aug 04, 2021","128","127","131","125","12.26M","0.79%"
"Aug 03, 2021","127","127","129","125","5.43M","0.00%"
"Aug 02, 2021","127","129","130","125","8.97M","-1.55%"
"Jul 30, 2021","129","133","141","126","76.13M","-1.53%"
"Jul 29, 2021","131","121","132","121","34.95M","8.26%"
"Jul 28, 2021","121","124","124","120","8.98M","-2.42%"
"Jul 27, 2021","124","126","127","124","4.73M","-1.59%"
"Jul 26, 2021","126","128","130","125","6.50M","-1.56%"
"Jul 23, 2021","128","129","131","128","7.56M","-0.78%"
"Jul 22, 2021","129","126","130","126","23.29M","2.38%"
"Jul 21, 2021","126","122","130","120","34.77M","3.28%"
"Jul 19, 2021","122","126","126","121","6.96M","-3.17%"
"Jul 16, 2021","126","125","127","124","9.21M","0.80%"
"Jul 15, 2021","125","123","128","122","11.27M","2.46%"
"Jul 14, 2021","122","130","132","122","26.14M","-6.15%"
"Jul 13, 2021","130","131","134","130","9.52M","-1.52%"
"Jul 12, 2021","132","133","135","130","10.09M","0.00%"
"Jul 09, 2021","132","133","135","130","10.59M","-1.49%"
"Jul 08, 2021","134","134","137","134","7.96M","0.00%"
"Jul 07, 2021","134","134","136","133","5.54M","0.00%"
"Jul 06, 2021","134","134","136","133","8.29M","0.00%"
"Jul 05, 2021","134","136","136","133","7.15M","-1.47%"
"Jul 02, 2021","136","135","137","135","9.99M","0.74%"
"Jul 01, 2021","135","136","136","133","13.22M","-0.74%"
"Jun 30, 2021","136","136","138","134","9.63M","0.00%"
"Jun 29, 2021","136","137","140","134","15.38M","-1.45%"
"Jun 28, 2021","138","146","148","138","50.78M","-6.76%"
"Jun 25, 2021","148","151","151","148","21.42M","-1.99%"
"Jun 24, 2021","151","151","152","150","7.28M","0.00%"
"Jun 23, 2021","151","153","155","150","10.00M","-1.31%"
"Jun 22, 2021","153","152","156","151","18.42M","1.32%"
"Jun 21, 2021","151","153","153","150","11.98M","-2.58%"
"Jun 18, 2021","155","150","158","149","64.03M","3.33%"
"Jun 17, 2021","150","152","154","150","17.60M","-1.32%"
"Jun 16, 2021","152","152","156","150","30.31M","0.00%"
"Jun 15, 2021","152","161","161","152","40.85M","-3.80%"
"Jun 14, 2021","158","153","168","152","298.15M","3.27%"
"Jun 11, 2021","153","155","156","152","16.42M","-0.65%"
"Jun 10, 2021","154","150","165","149","82.90M","2.67%"
"Jun 09, 2021","150","150","152","149","8.10M","0.00%"
"Jun 08, 2021","150","153","157","150","25.64M","-1.32%"
"Jun 07, 2021","152","155","156","152","11.94M","-1.94%"
"Jun 04, 2021","155","155","157","154","12.87M","-0.64%"
"Jun 03, 2021","156","153","157","152","20.22M","2.63%"
"Jun 02, 2021","152","148","153","148","22.91M","2.70%"
"May 31, 2021","148","148","149","147","8.75M","0.68%"
"May 28, 2021","147","149","150","147","6.06M","-1.34%"
"May 27, 2021","149","148","150","147","5.81M","0.68%"
"May 25, 2021","148","148","150","147","7.61M","0.68%"
"May 24, 2021","147","150","150","145","13.06M","-2.00%"
"May 21, 2021","150","152","154","150","6.35M","-1.32%"
"May 20, 2021","152","150","152","150","7.16M","1.33%"
"May 19, 2021","150","153","154","150","8.73M","-1.96%"
"May 18, 2021","153","151","156","151","21.09M","1.32%"
"May 17, 2021","151","156","158","151","20.06M","-3.21%"
"May 11, 2021","156","157","158","155","7.89M","-0.64%"
"May 10, 2021","157","157","159","156","14.75M","0.00%"
"May 07, 2021","157","155","158","154","20.13M","2.61%"
"May 06, 2021","153","153","155","153","8.65M","0.00%"
"May 05, 2021","153","154","156","152","16.54M","-0.65%"
"May 04, 2021","154","153","156","151","22.57M","0.65%"
"May 03, 2021","153","154","156","152","10.65M","0.00%"
"Apr 30, 2021","153","155","157","153","6.72M","-1.29%"
"Apr 29, 2021","155","150","157","150","13.84M","0.65%"
"Apr 28, 2021","154","154","157","152","11.25M","0.00%"
"Apr 27, 2021","154","157","158","154","12.18M","-1.28%"
"Apr 26, 2021","156","156","161","155","26.53M","0.00%"
"Apr 23, 2021","156","152","157","151","38.69M","2.63%"
"Apr 22, 2021","152","152","154","152","4.97M","0.00%"
"Apr 21, 2021","152","155","156","151","12.23M","-0.65%"
"Apr 20, 2021","153","152","156","151","20.55M","0.66%"
"Apr 19, 2021","152","152","154","151","11.60M","0.00%"
"Apr 16, 2021","152","155","156","152","13.19M","-1.30%"
"Apr 15, 2021","154","154","156","153","6.33M","0.00%"
"Apr 14, 2021","154","153","156","150","9.53M","0.65%"
"Apr 13, 2021","153","156","157","149","23.91M","-1.92%"
"Apr 12, 2021","156","160","161","154","20.84M","-2.50%"
"Apr 09, 2021","160","161","162","160","8.49M","-0.62%"
"Apr 08, 2021","161","158","162","158","21.71M","1.90%"
"Apr 07, 2021","158","161","163","157","13.62M","-1.25%"
"Apr 06, 2021","160","156","160","154","12.57M","3.90%"
"Apr 05, 2021","154","160","160","154","14.35M","-1.28%"
"Apr 01, 2021","156","156","160","154","12.20M","-0.64%"
"Mar 31, 2021","157","164","164","152","47.06M","-3.09%"
"Mar 30, 2021","162","167","168","162","20.65M","-2.99%"
"Mar 29, 2021","167","168","169","166","14.51M","-0.60%"
"Mar 26, 2021","168","164","168","164","13.03M","2.44%"
"Mar 25, 2021","164","167","169","161","27.36M","-1.80%"
"Mar 24, 2021","167","170","171","166","24.13M","-1.76%"
"Mar 23, 2021","170","173","175","170","24.29M","-1.73%"
"Mar 22, 2021","173","174","177","171","21.33M","0.00%"
"Mar 19, 2021","173","175","176","173","14.95M","-1.14%"
"Mar 18, 2021","175","177","179","175","14.55M","-1.13%"
"Mar 17, 2021","177","177","179","176","12.45M","0.00%"
"Mar 16, 2021","177","177","182","176","25.49M","0.00%"
"Mar 15, 2021","177","179","180","176","34.21M","0.00%"
"Mar 12, 2021","177","172","179","172","44.82M","2.91%"
"Mar 10, 2021","172","171","177","168","46.15M","2.38%"
"Mar 09, 2021","168","173","174","165","37.35M","-2.33%"
"Mar 08, 2021","172","176","176","172","15.89M","-0.58%"
"Mar 05, 2021","173","177","177","172","26.27M","-2.26%"
"Mar 04, 2021","177","179","180","172","54.83M","-0.56%"
"Mar 03, 2021","178","180","183","176","36.76M","-1.11%"
"Mar 02, 2021","180","185","188","180","100.88M","-1.64%"
"Mar 01, 2021","183","176","189","175","240.33M","4.57%"
"Feb 26, 2021","175","178","178","170","69.52M","-2.78%"
"Feb 25, 2021","180","179","187","178","80.70M","1.12%"
"Feb 24, 2021","178","181","183","176","44.28M","-1.11%"
"Feb 23, 2021","180","183","184","178","41.75M","-0.55%"
"Feb 22, 2021","181","185","189","181","92.70M","-2.16%"
"Feb 19, 2021","185","181","194","176","404.75M","2.78%"
"Feb 18, 2021","180","174","183","174","135.38M","3.45%"
"Feb 17, 2021","174","177","182","173","83.50M","-1.69%"
"Feb 16, 2021","177","178","182","176","63.63M","-0.56%"
"Feb 15, 2021","178","174","183","172","104.36M","3.49%"
"Feb 11, 2021","172","174","175","171","19.71M","-1.15%"
"Feb 10, 2021","174","174","178","171","46.08M","0.00%"
"Feb 09, 2021","174","177","188","171","217.94M","-0.57%"
"Feb 08, 2021","175","170","176","170","47.03M","2.94%"
"Feb 05, 2021","170","166","172","165","33.88M","2.41%"
"Feb 04, 2021","166","167","173","163","47.50M","-0.60%"
"Feb 03, 2021","167","164","171","162","64.50M","2.45%"
"Feb 02, 2021","163","170","173","163","73.79M","-3.55%"
"Feb 01, 2021","169","156","169","146","119.12M","8.33%"
"Jan 29, 2021","156","154","161","149","53.25M","1.30%"
"Jan 28, 2021","154","164","168","154","65.32M","-6.67%"
"Jan 27, 2021","165","168","169","157","83.50M","-1.79%"
"Jan 26, 2021","168","178","185","166","100.06M","-5.62%"
"Jan 25, 2021","178","187","188","175","81.20M","-5.32%"
"Jan 22, 2021","188","195","197","185","85.66M","-3.59%"
"Jan 21, 2021","195","196","204","193","102.36M","0.00%"
"Jan 20, 2021","195","191","198","188","76.37M","2.09%"
"Jan 19, 2021","191","198","202","187","134.57M","-3.54%"
"Jan 18, 2021","198","210","210","198","100.50M","-2.94%"
"Jan 15, 2021","204","208","214","202","112.16M","-0.97%"
"Jan 14, 2021","206","210","210","202","75.35M","0.00%"
"Jan 13, 2021","206","214","216","204","145.99M","-2.83%"
"Jan 12, 2021","212","208","216","202","291.21M","1.92%"
"Jan 11, 2021","208","202","214","200","206.54M","2.97%"
"Jan 08, 2021","202","210","216","200","171.86M","-3.81%"
"Jan 07, 2021","210","226","232","210","1.13B","0.00%"
"Jan 06, 2021","210","194","210","183","227.80M","8.25%"
"Jan 05, 2021","194","188","202","183","139.44M","3.19%"
"Jan 04, 2021","188","188","192","175","138.99M","0.00%"
"Dec 30, 2020","188","202","202","187","116.39M","-5.53%"
"Dec 29, 2020","199","204","208","198","83.76M","-2.45%"
"Dec 28, 2020","204","208","220","197","72.89M","-0.97%"
"Dec 23, 2020","206","202","222","187","408.14M","3.00%"
"Dec 22, 2020","200","210","214","197","166.51M","-4.76%"
"Dec 21, 2020","210","212","218","208","188.90M","0.96%"
"Dec 18, 2020","208","208","216","206","174.39M","0.97%"
"Dec 17, 2020","206","199","218","195","507.86M","4.04%"
"Dec 16, 2020","198","198","206","197","173.99M","1.02%"
"Dec 15, 2020","196","194","206","190","239.11M","1.55%"
"Dec 14, 2020","193","195","200","193","121.43M","0.00%"
"Dec 11, 2020","193","208","212","192","490.61M","-4.46%"
"Dec 10, 2020","202","172","204","170","1.23B","16.76%"
"Dec 08, 2020","173","178","178","172","55.70M","-1.14%"
"Dec 07, 2020","175","180","180","175","75.39M","-0.57%"
"Dec 04, 2020","176","170","177","170","57.61M","1.15%"
"Dec 03, 2020","174","176","182","173","102.32M","-0.57%"
"Dec 02, 2020","175","174","182","169","167.34M","1.74%"
"Dec 01, 2020","172","171","179","161","167.46M","1.78%"
"Nov 30, 2020","169","185","187","168","316.77M","-6.11%"
"Nov 27, 2020","180","170","195","168","917.40M","5.88%"
"Nov 26, 2020","170","175","175","166","108.62M","0.00%"
"Nov 25, 2020","170","171","183","165","577.30M","1.80%"
"Nov 24, 2020","167","160","167","159","258.91M","5.03%"
"Nov 23, 2020","159","156","166","154","194.25M","1.92%"
"Nov 20, 2020","156","160","169","151","642.75M","-3.70%"
"Nov 19, 2020","162","121","162","120","1.02B","35.00%"
"Nov 18, 2020","120","120","123","118","50.66M","0.84%"
"Nov 17, 2020","119","120","124","118","154.60M","-0.83%"
"Nov 16, 2020","120","118","123","117","164.40M","3.45%"
"Nov 13, 2020","116","113","118","112","38.87M","2.65%"
"Nov 12, 2020","113","118","118","113","50.48M","-2.59%"
"Nov 11, 2020","116","116","121","116","84.93M","0.00%"
"Nov 10, 2020","116","115","118","115","72.73M","0.87%"
"Nov 09, 2020","115","115","119","113","83.03M","1.77%"
"Nov 06, 2020","113","109","114","109","57.31M","3.67%"
"Nov 05, 2020","109","106","110","106","17.99M","2.83%"
"Nov 04, 2020","106","112","112","106","33.22M","-2.75%"
"Nov 03, 2020","109","112","112","109","12.04M","0.00%"
"Nov 02, 2020","109","111","112","108","29.74M","-1.80%"
"Oct 27, 2020","111","112","114","110","49.94M","-0.89%"
"Oct 26, 2020","112","113","119","110","139.45M","1.82%"
"Oct 23, 2020","110","115","117","110","107.24M","-3.51%"
"Oct 22, 2020","114","104","123","102","613.90M","10.68%"
"Oct 21, 2020","103","104","106","103","23.45M","-0.96%"
"Oct 20, 2020","104","106","109","104","48.72M","-1.89%"
"Oct 19, 2020","106","104","108","104","112.39M","2.91%"
"Oct 16, 2020","103","103","105","102","26.70M","0.00%"
"Oct 15, 2020","103","104","107","103","76.90M","0.00%"
"Oct 14, 2020","103","104","105","102","40.82M","0.00%"
"Oct 13, 2020","103","104","104","100","32.68M","0.00%"
"Oct 12, 2020","103","103","106","102","52.95M","0.98%"
"Oct 09, 2020","102","101","104","100","66.74M","0.99%"
"Oct 08, 2020","101","97","102","96","131.58M","5.21%"
"Oct 07, 2020","96","96","97","95","19.41M","0.00%"
"Oct 06, 2020","96","94","97","94","21.35M","2.13%"
"Oct 05, 2020","94","95","96","94","11.26M","-1.05%"
"Oct 02, 2020","95","95","96","93","22.72M","0.00%"
"Oct 01, 2020","95","95","96","94","46.73M","0.00%"
"Sep 30, 2020","95","96","97","95","11.94M","-2.06%"
"Sep 29, 2020","97","98","99","96","20.81M","-1.02%"
"Sep 28, 2020","98","97","99","97","23.94M","1.03%"
"Sep 25, 2020","97","94","98","94","27.92M","3.19%"
"Sep 24, 2020","94","98","99","94","28.70M","-4.08%"
"Sep 23, 2020","98","100","102","96","34.37M","-1.01%"
"Sep 22, 2020","99","100","102","97","35.39M","-1.98%"
"Sep 21, 2020","101","105","109","100","136.15M","-3.81%"
"Sep 18, 2020","105","107","116","105","208.43M","-0.94%"
"Sep 17, 2020","106","107","109","106","16.84M","-0.93%"
"Sep 16, 2020","107","110","112","107","41.24M","-2.73%"
"Sep 15, 2020","110","110","111","107","12.63M","0.92%"
"Sep 14, 2020","109","106","111","106","44.23M","2.83%"
"Sep 11, 2020","106","100","108","99","39.79M","0.00%"
"Sep 10, 2020","106","113","113","106","34.00M","-6.19%"
"Sep 09, 2020","113","119","119","112","28.17M","-3.42%"
"Sep 08, 2020","117","116","120","116","24.58M","0.86%"
"Sep 07, 2020","116","115","119","115","23.29M","0.87%"
"Sep 04, 2020","115","117","118","114","23.90M","-1.71%"
"Sep 03, 2020","117","119","123","116","26.12M","-2.50%"
"Sep 02, 2020","120","117","121","117","43.45M","3.45%"
"Sep 01, 2020","116","116","118","113","33.18M","-0.85%"
"Aug 31, 2020","117","122","124","115","59.78M","-4.10%"
"Aug 28, 2020","122","126","127","121","51.87M","-2.40%"
"Aug 27, 2020","125","116","128","115","235.63M","7.76%"
"Aug 26, 2020","116","119","119","113","32.88M","-0.85%"
"Aug 25, 2020","117","112","117","112","59.45M","4.46%"
"Aug 24, 2020","112","112","112","110","9.45M","0.90%"
"Aug 19, 2020","111","112","113","111","15.39M","-0.89%"
"Aug 18, 2020","112","111","112","110","16.91M","1.82%"
"Aug 14, 2020","110","113","113","110","6.13M","-1.79%"
"Aug 13, 2020","112","110","113","110","19.68M","1.82%"
"Aug 12, 2020","110","108","113","108","24.00M","0.92%"
"Aug 11, 2020","109","108","110","107","11.88M","1.87%"
"Aug 10, 2020","107","110","110","106","9.58M","-1.83%"
"Aug 07, 2020","109","110","111","108","12.10M","-0.91%"
"Aug 06, 2020","110","110","114","108","32.90M","1.85%"
"Aug 05, 2020","108","106","108","104","19.91M","2.86%"
"Aug 04, 2020","105","109","112","103","62.44M","-3.67%"
"Aug 03, 2020","109","118","120","109","32.26M","-6.84%"
"Jul 30, 2020","117","118","121","116","15.51M","-0.85%"
"Jul 29, 2020","118","118","119","117","6.30M","0.00%"
"Jul 28, 2020","118","120","122","118","20.28M","-1.67%"
"Jul 27, 2020","120","116","123","116","38.06M","3.45%"
"Jul 24, 2020","116","115","120","115","50.97M","0.87%"
"Jul 23, 2020","115","116","118","113","19.45M","0.88%"
"Jul 22, 2020","114","118","118","114","19.65M","-2.56%"
"Jul 21, 2020","117","114","119","114","35.89M","2.63%"
"Jul 20, 2020","114","117","118","114","29.25M","-1.72%"
"Jul 17, 2020","116","120","121","115","31.26M","-2.52%"
"Jul 16, 2020","119","124","124","117","60.18M","-3.25%"
"Jul 15, 2020","123","113","123","112","189.32M","8.85%"
"Jul 14, 2020","113","113","114","112","10.29M","0.00%"
"Jul 13, 2020","113","113","114","111","11.73M","0.89%"
"Jul 10, 2020","112","112","114","111","9.54M","-0.88%"
"Jul 09, 2020","113","114","116","113","22.21M","-0.88%"
"Jul 08, 2020","114","111","115","111","23.17M","2.70%"
"Jul 07, 2020","111","112","114","111","7.88M","-0.89%"
"Jul 06, 2020","112","113","115","110","8.52M","-0.88%"
"Jul 03, 2020","113","115","118","112","13.13M","-0.88%"
"Jul 02, 2020","114","112","115","110","16.54M","1.79%"
"Jul 01, 2020","112","115","115","110","9.04M","-1.75%"
"Jun 30, 2020","114","113","116","112","11.34M","0.00%"
"Jun 29, 2020","114","116","117","109","29.99M","-1.72%"
"Jun 26, 2020","116","117","120","115","13.04M","-0.85%"
"Jun 25, 2020","117","120","120","116","12.90M","-1.68%"
"Jun 24, 2020","119","119","123","118","10.00M","-0.83%"
"Jun 23, 2020","120","122","124","118","13.05M","-1.64%"
"Jun 22, 2020","122","115","125","115","11.18M","-0.81%"
"Jun 19, 2020","123","130","130","122","51.50M","-4.65%"
"Jun 18, 2020","129","119","129","115","143.06M","10.26%"
"Jun 17, 2020","117","117","119","115","12.53M","0.00%"
"Jun 16, 2020","117","114","117","112","18.50M","6.36%"
"Jun 15, 2020","110","119","121","110","23.73M","-5.17%"
"Jun 12, 2020","116","107","118","107","25.33M","0.87%"
"Jun 11, 2020","115","117","121","112","20.23M","-1.71%"
"Jun 10, 2020","117","120","123","114","17.65M","-1.68%"
"Jun 09, 2020","119","126","134","118","53.07M","-4.03%"
"Jun 08, 2020","124","123","131","123","67.00M","2.48%"
"Jun 05, 2020","121","115","123","111","94.77M","5.22%"
"Jun 04, 2020","115","117","120","109","63.96M","2.68%"
"Jun 03, 2020","112","105","112","103","62.99M","8.74%"
"Jun 02, 2020","103","100","105","98","34.75M","5.10%"
"May 29, 2020","98","100","100","97","9.59M","-1.01%"
"May 28, 2020","99","103","103","99","13.28M","-1.00%"
"May 27, 2020","100","103","104","99","48.46M","0.00%"
"May 26, 2020","100","95","101","95","34.47M","5.26%"
"May 20, 2020","95","98","98","95","6.24M","-2.06%"
"May 19, 2020","97","99","101","96","14.14M","0.00%"
"May 18, 2020","97","100","100","96","6.86M","-2.02%"
"May 15, 2020","99","100","101","98","6.24M","0.00%"
"May 14, 2020","99","99","106","98","31.68M","-1.00%"
"May 13, 2020","100","103","103","98","8.56M","-0.99%"
"May 12, 2020","101","106","107","100","21.26M","-4.72%"
"May 11, 2020","106","102","108","102","37.07M","6.00%"
"May 08, 2020","100","100","102","100","3.08M","0.00%"
"May 06, 2020","100","99","102","97","4.26M","0.00%"
"May 05, 2020","100","101","103","99","10.91M","-0.99%"
"May 04, 2020","101","103","103","98","9.65M","-3.81%"
"Apr 30, 2020","105","110","110","103","22.06M","1.94%"
"Apr 29, 2020","103","108","110","101","22.35M","-2.83%"
"Apr 28, 2020","106","97","106","96","22.34M","9.28%"
"Apr 27, 2020","97","99","101","95","4.96M","-2.02%"
"Apr 24, 2020","99","101","102","99","2.56M","-1.98%"
"Apr 23, 2020","101","100","105","100","4.39M","2.02%"
"Apr 22, 2020","99","97","110","93","8.76M","1.02%"
"Apr 21, 2020","98","104","104","98","5.11M","-5.77%"
"Apr 20, 2020","104","108","108","104","5.02M","-3.70%"
"Apr 17, 2020","108","104","108","103","5.48M","4.85%"
"Apr 16, 2020","103","108","108","102","8.33M","-4.63%"
"Apr 15, 2020","108","112","112","107","9.76M","-2.70%"
"Apr 14, 2020","111","105","114","105","14.79M","5.71%"
"Apr 13, 2020","105","112","113","102","11.03M","-2.78%"
"Apr 09, 2020","108","110","120","105","28.54M","-1.82%"
"Apr 08, 2020","110","116","117","109","13.04M","-5.17%"
"Apr 07, 2020","116","119","125","110","27.77M","0.87%"
"Apr 06, 2020","115","101","119","100","52.41M","16.16%"
"Apr 03, 2020","99","95","104","91","40.42M","6.45%"
"Apr 02, 2020","93","88","97","86","18.44M","5.68%"
"Apr 01, 2020","88","90","93","87","5.78M","-2.22%"
"Mar 31, 2020","90","92","94","89","7.72M","0.00%"
"Mar 30, 2020","90","95","99","89","6.36M","-5.26%"
"Mar 27, 2020","95","93","108","93","39.35M","2.15%"
"Mar 26, 2020","93","83","95","82","21.21M","12.05%"
"Mar 24, 2020","83","79","86","79","16.08M","5.06%"
"Mar 23, 2020","79","80","85","79","5.82M","-5.95%"
"Mar 20, 2020","84","75","85","75","10.64M","5.00%"
"Mar 19, 2020","80","80","82","78","31.99M","-3.61%"
"Mar 18, 2020","83","87","88","81","15.91M","-4.60%"
"Mar 17, 2020","87","87","90","87","9.29M","-6.45%"
"Mar 16, 2020","93","100","100","93","11.25M","-7.00%"
"Mar 13, 2020","100","102","104","100","36.74M","-6.54%"
"Mar 12, 2020","107","118","118","107","12.79M","-9.32%"
"Mar 11, 2020","118","130","133","117","16.48M","-8.53%"
"Mar 10, 2020","129","120","135","120","5.88M","-0.77%"
"Mar 09, 2020","130","140","140","129","10.42M","-7.80%"
"Mar 06, 2020","141","146","146","141","10.32M","-2.76%"
"Mar 05, 2020","145","146","152","145","22.97M","0.00%"
"Mar 04, 2020","145","136","148","135","38.09M","5.84%"
"Mar 03, 2020","137","139","143","136","19.17M","0.00%"
"Mar 02, 2020","137","130","144","128","32.51M","5.38%"
"Feb 28, 2020","130","126","136","118","20.92M","-4.41%"
"Feb 27, 2020","136","144","145","134","14.73M","-5.56%"
"Feb 26, 2020","144","147","147","144","7.25M","-2.04%"
"Feb 25, 2020","147","147","149","140","3.60M","0.00%"
"Feb 24, 2020","147","152","153","145","5.39M","-3.92%"
"Feb 21, 2020","153","156","156","152","3.94M","-1.92%"
"Feb 20, 2020","156","159","160","154","7.08M","-1.27%"
"Feb 19, 2020","158","156","165","156","14.29M","1.28%"
"Feb 18, 2020","156","150","158","150","14.54M","4.00%"
"Feb 17, 2020","150","151","152","145","4.24M","-0.66%"
"Feb 14, 2020","151","152","153","150","5.27M","-1.31%"
"Feb 13, 2020","153","155","155","152","4.66M","-1.29%"
"Feb 12, 2020","155","157","157","154","4.24M","-1.27%"
"Feb 11, 2020","157","158","159","156","1.62M","-0.63%"
"Feb 10, 2020","158","159","159","156","5.71M","0.00%"
"Feb 07, 2020","158","157","160","156","6.15M","0.64%"
"Feb 06, 2020","157","153","158","153","9.35M","2.61%"
"Feb 05, 2020","153","151","157","151","17.31M","1.32%"
"Feb 04, 2020","151","144","152","142","10.91M","4.86%"
"Feb 03, 2020","144","135","144","135","14.39M","0.00%"
"Jan 31, 2020","144","145","147","141","16.74M","-0.69%"
"Jan 30, 2020","145","147","151","144","9.41M","-3.33%"
"Jan 29, 2020","150","147","153","147","13.47M","2.04%"
"Jan 28, 2020","147","155","155","142","34.88M","-2.65%"
"Jan 27, 2020","151","160","160","151","25.56M","-5.63%"
"Jan 24, 2020","160","164","165","160","9.68M","-2.44%"
"Jan 23, 2020","164","165","168","164","4.02M","-0.61%"
"Jan 22, 2020","165","168","170","161","22.23M","-1.79%"
"Jan 21, 2020","168","169","171","168","9.70M","-0.59%"
"Jan 20, 2020","169","173","174","169","10.81M","-1.74%"
"Jan 17, 2020","172","174","175","171","11.24M","-1.15%"
"Jan 16, 2020","174","174","176","173","10.07M","0.58%"
"Jan 15, 2020","173","175","177","173","14.30M","-1.14%"
"Jan 14, 2020","175","176","179","175","21.05M","-0.57%"
"Jan 13, 2020","176","177","181","175","40.29M","0.57%"
"Jan 10, 2020","175","177","177","173","8.90M","-0.57%"
"Jan 09, 2020","176","173","180","173","21.88M","1.73%"
"Jan 08, 2020","173","175","176","173","14.29M","-1.14%"
"Jan 07, 2020","175","177","177","175","8.62M","0.00%"
"Jan 06, 2020","175","177","177","173","21.09M","-0.57%"
"Jan 03, 2020","176","180","180","176","28.22M","-1.12%"
"Jan 02, 2020","178","177","179","175","6.81M","0.56%"
"Dec 30, 2019","177","176","182","176","30.00M","0.57%"
"Dec 27, 2019","176","176","177","175","11.46M","0.57%"
"Dec 26, 2019","175","176","180","174","16.46M","0.00%"
"Dec 23, 2019","175","177","178","175","7.83M","0.00%"
"Dec 20, 2019","175","178","180","174","14.81M","-1.69%"
"Dec 19, 2019","178","181","182","178","9.66M","-1.11%"
"Dec 18, 2019","180","180","185","179","24.32M","0.56%"
"Dec 17, 2019","179","179","182","179","16.82M","0.00%"
"Dec 16, 2019","179","179","183","179","15.34M","-0.56%"
"Dec 13, 2019","180","180","181","177","11.34M","0.56%"
"Dec 12, 2019","179","183","185","179","15.88M","-2.19%"
"Dec 11, 2019","183","181","188","181","58.03M","0.55%"
"Dec 10, 2019","182","175","184","174","65.34M","4.60%"
"Dec 09, 2019","174","175","179","172","34.28M","1.16%"
"Dec 06, 2019","172","172","175","170","20.83M","0.00%"
"Dec 05, 2019","172","177","180","172","36.14M","-1.71%"
"Dec 04, 2019","175","176","183","175","29.71M","-0.57%"
"Dec 03, 2019","176","180","183","176","20.02M","-2.22%"
"Dec 02, 2019","180","177","187","176","47.37M","2.86%"
"Nov 29, 2019","175","177","183","167","28.73M","-1.13%"
"Nov 28, 2019","177","185","189","176","46.09M","-4.32%"
"Nov 27, 2019","185","202","202","183","79.28M","-8.42%"
"Nov 26, 2019","202","183","208","183","238.43M","14.77%"
"Nov 25, 2019","176","181","184","176","12.71M","-2.76%"
"Nov 22, 2019","181","187","189","181","14.17M","-3.21%"
"Nov 21, 2019","187","191","192","186","9.88M","-1.58%"
"Nov 20, 2019","190","196","199","190","22.46M","-3.06%"
"Nov 19, 2019","196","189","196","188","27.91M","3.70%"
"Nov 18, 2019","189","191","191","188","3.91M","-0.53%"
"Nov 15, 2019","190","191","193","190","4.60M","0.00%"
"Nov 14, 2019","190","194","195","189","4.79M","-1.04%"
"Nov 13, 2019","192","180","197","180","27.90M","1.59%"
"Nov 12, 2019","189","191","192","188","11.19M","-0.53%"
"Nov 11, 2019","190","193","196","190","15.00M","-1.55%"
"Nov 08, 2019","193","192","197","187","25.80M","0.52%"
"Nov 07, 2019","192","206","206","184","79.48M","-4.95%"
"Nov 06, 2019","202","210","214","200","39.99M","-3.81%"
"Nov 05, 2019","210","210","216","208","40.90M","0.96%"
"Nov 04, 2019","208","202","212","202","20.57M","1.96%"
"Nov 01, 2019","204","214","218","204","34.84M","-4.67%"
"Oct 31, 2019","214","218","228","212","31.88M","-1.83%"
"Oct 30, 2019","218","224","226","214","24.02M","-1.80%"
"Oct 29, 2019","222","226","228","222","13.20M","-0.89%"
"Oct 28, 2019","224","228","230","222","12.48M","-1.75%"
"Oct 25, 2019","228","234","236","228","18.63M","-2.56%"
"Oct 24, 2019","234","230","236","228","44.74M","2.63%"
"Oct 23, 2019","228","226","236","226","19.37M","0.00%"
"Oct 22, 2019","228","230","234","226","9.06M","-0.87%"
"Oct 21, 2019","230","230","232","222","23.00M","0.88%"
"Oct 18, 2019","228","238","240","228","28.11M","-3.39%"
"Oct 17, 2019","236","234","236","230","15.90M","1.72%"
"Oct 16, 2019","232","232","242","230","43.75M","0.00%"
"Oct 15, 2019","232","230","236","228","21.13M","0.87%"
"Oct 14, 2019","230","238","238","228","14.03M","-0.86%"
"Oct 11, 2019","232","230","240","230","15.67M","0.87%"
"Oct 10, 2019","230","238","244","230","17.59M","-3.36%"
"Oct 09, 2019","238","224","240","222","43.94M","5.31%"
"Oct 08, 2019","226","230","236","222","21.48M","-1.74%"
"Oct 07, 2019","230","244","244","230","17.27M","-4.96%"
"Oct 04, 2019","242","242","246","238","37.85M","0.00%"
"Oct 03, 2019","242","236","244","228","60.63M","2.54%"
"Oct 02, 2019","236","258","262","234","64.97M","-8.53%"
"Oct 01, 2019","258","254","266","252","35.17M","1.57%"
"Sep 30, 2019","254","266","266","250","66.20M","-4.51%"
"Sep 27, 2019","266","276","280","262","110.79M","-3.62%"
"Sep 26, 2019","276","266","284","264","240.53M","4.55%"
"Sep 25, 2019","264","250","266","244","168.49M","6.45%"
"Sep 24, 2019","248","244","252","240","37.21M","0.81%"
"Sep 23, 2019","246","248","252","244","16.09M","-1.60%"
"Sep 20, 2019","250","246","250","238","17.66M","1.63%"
"Sep 19, 2019","246","252","258","244","23.67M","-0.81%"
"Sep 18, 2019","248","242","254","240","49.96M","3.33%"
"Sep 17, 2019","240","238","250","236","32.05M","0.00%"
"Sep 16, 2019","240","256","258","234","41.88M","-4.76%"
"Sep 13, 2019","252","264","264","250","24.89M","-3.08%"
"Sep 12, 2019","260","254","268","254","113.81M","3.17%"
"Sep 11, 2019","252","256","270","244","220.31M","-0.79%"
"Sep 10, 2019","254","262","266","248","79.75M","-2.31%"
"Sep 09, 2019","260","236","270","228","302.91M","10.17%"
"Sep 06, 2019","236","240","248","234","32.57M","-1.67%"
"Sep 05, 2019","240","244","246","236","47.93M","-0.83%"
"Sep 04, 2019","242","236","246","224","191.09M","1.68%"
"Sep 03, 2019","238","190","252","188","857.28M","26.60%"
"Sep 02, 2019","188","187","190","186","18.56M","1.08%"
"Aug 30, 2019","186","191","192","185","14.47M","-2.11%"
"Aug 29, 2019","190","194","194","188","10.55M","-1.04%"
"Aug 28, 2019","192","196","198","191","29.45M","-1.54%"
"Aug 27, 2019","195","184","202","184","94.36M","7.73%"
"Aug 26, 2019","181","181","181","176","24.07M","-1.63%"
"Aug 23, 2019","184","190","190","184","25.67M","-1.60%"
"Aug 22, 2019","187","194","195","187","44.66M","-2.60%"
"Aug 21, 2019","192","200","206","190","56.00M","-3.52%"
"Aug 20, 2019","199","198","202","192","45.04M","0.00%"
"Aug 19, 2019","199","200","206","198","47.46M","0.00%"
"Aug 16, 2019","199","206","208","194","134.19M","-3.40%"
"Aug 15, 2019","206","210","216","202","216.27M","-2.83%"
"Aug 14, 2019","212","186","212","184","334.23M","15.85%"
"Aug 13, 2019","183","183","186","178","38.66M","1.10%"
"Aug 12, 2019","181","193","194","181","70.71M","-4.23%"
"Aug 09, 2019","189","192","200","188","111.79M","-1.05%"
"Aug 08, 2019","191","180","194","177","130.06M","7.30%"
"Aug 07, 2019","178","180","184","176","51.39M","0.56%"
"Aug 06, 2019","177","178","181","166","99.30M","-0.56%"
"Aug 05, 2019","178","191","193","177","60.20M","-7.77%"
"Aug 02, 2019","193","195","200","191","44.96M","-1.03%"
"Aug 01, 2019","195","200","206","195","40.45M","-3.47%"
"Jul 31, 2019","202","206","214","202","34.09M","-2.88%"
"Jul 30, 2019","208","204","214","202","55.19M","2.97%"
"Jul 29, 2019","202","208","212","199","71.44M","-2.88%"
"Jul 26, 2019","208","214","218","208","54.59M","-2.80%"
"Jul 25, 2019","214","226","230","214","71.10M","-5.31%"
"Jul 24, 2019","226","214","226","210","168.33M","6.60%"
"Jul 23, 2019","212","212","218","210","38.12M","0.95%"
"Jul 22, 2019","210","210","218","208","39.03M","-0.94%"
"Jul 19, 2019","212","224","228","210","99.77M","-4.50%"
"Jul 18, 2019","222","220","232","212","154.42M","0.00%"
"Jul 17, 2019","222","228","230","218","70.55M","-2.63%"
"Jul 16, 2019","228","238","240","222","195.51M","-5.79%"
"Jul 15, 2019","242","246","248","240","52.42M","-0.82%"
"Jul 12, 2019","244","252","258","242","111.96M","-3.17%"
"Jul 11, 2019","252","240","254","238","193.39M","6.78%"
"Jul 10, 2019","236","236","242","234","56.44M","1.72%"
"Jul 09, 2019","232","240","242","232","58.19M","-2.52%"
"Jul 08, 2019","238","228","244","224","116.58M","4.39%"
"Jul 05, 2019","228","242","246","224","53.59M","-5.79%"
"Jul 04, 2019","242","242","250","240","66.40M","0.83%"
"Jul 03, 2019","240","232","244","232","55.82M","3.45%"
"Jul 02, 2019","232","234","244","228","107.47M","0.00%"
"Jul 01, 2019","232","240","248","228","69.78M","-3.33%"
"Jun 28, 2019","240","250","252","240","73.36M","-3.23%"
"Jun 27, 2019","248","250","258","248","69.82M","-1.59%"
"Jun 26, 2019","252","246","268","238","211.82M","1.61%"
"Jun 25, 2019","248","264","264","246","101.56M","-4.62%"
"Jun 24, 2019","260","248","272","240","312.96M","5.69%"
"Jun 21, 2019","246","226","250","222","246.29M","8.85%"
"Jun 20, 2019","226","236","242","220","225.49M","-3.42%"
"Jun 19, 2019","234","188","246","185","459.43M","25.13%"
"Jun 18, 2019","187","184","190","183","37.65M","1.63%"
"Jun 17, 2019","184","194","196","184","61.61M","-3.66%"
"Jun 14, 2019","191","171","191","171","97.36M","11.70%"
"Jun 13, 2019","171","169","173","166","8.85M","1.79%"
"Jun 12, 2019","168","168","174","168","8.95M","0.00%"
"Jun 11, 2019","168","167","172","166","12.04M","1.20%"
"Jun 10, 2019","166","167","169","165","10.09M","0.61%"
"May 31, 2019","165","160","169","159","17.52M","3.13%"
"May 29, 2019","160","161","163","159","3.99M","-0.62%"
"May 28, 2019","161","162","163","161","3.87M","-0.62%"
"May 27, 2019","162","163","165","162","3.26M","-0.61%"
"May 24, 2019","163","163","164","162","1.96M","0.00%"
"May 23, 2019","163","162","166","162","4.02M","0.62%"
"May 22, 2019","162","160","163","157","5.05M","1.25%"
"May 21, 2019","160","158","162","158","2.63M","1.27%"
"May 20, 2019","158","158","161","155","4.49M","0.00%"
"May 17, 2019","158","161","161","155","3.62M","-1.25%"
"May 16, 2019","160","157","160","154","4.73M","1.91%"
"May 15, 2019","157","161","162","157","5.18M","-1.88%"
"May 14, 2019","160","162","163","155","8.00M","-1.84%"
"May 13, 2019","163","165","167","162","2.20M","-1.21%"
"May 10, 2019","165","162","166","162","6.23M","1.85%"
"May 09, 2019","162","163","166","161","5.90M","-0.61%"
"May 08, 2019","163","164","166","163","2.63M","-1.21%"
"May 07, 2019","165","165","168","164","4.22M","0.00%"
"May 06, 2019","165","168","168","164","6.18M","-1.79%"
"May 03, 2019","168","171","174","164","12.70M","-2.33%"
"May 02, 2019","172","174","178","172","13.64M","-0.58%"
"Apr 30, 2019","173","173","175","173","1.56M","0.00%"
"Apr 29, 2019","173","171","174","171","1.83M","0.58%"
"Apr 26, 2019","172","175","175","170","2.33M","-1.71%"
"Apr 25, 2019","175","179","179","174","3.15M","-2.23%"
"Apr 24, 2019","179","178","179","176","2.53M","1.13%"
"Apr 23, 2019","177","177","180","176","4.67M","0.00%"
"Apr 22, 2019","177","177","180","174","7.13M","0.00%"
"Apr 18, 2019","177","173","183","173","11.77M","3.51%"
"Apr 16, 2019","171","171","173","169","3.89M","0.00%"
"Apr 15, 2019","171","172","175","171","4.16M","-0.58%"
"Apr 12, 2019","172","169","172","166","3.36M","1.78%"
"Apr 11, 2019","169","171","171","168","2.02M","-1.17%"
"Apr 10, 2019","171","174","174","170","2.76M","-1.16%"
"Apr 09, 2019","173","170","177","168","8.24M","1.76%"
"Apr 08, 2019","170","166","170","165","6.43M","2.41%"
"Apr 05, 2019","166","164","171","163","7.52M","1.22%"
"Apr 04, 2019","164","167","167","161","11.81M","-1.20%"
"Apr 02, 2019","166","166","168","164","4.02M","0.61%"
"Apr 01, 2019","165","177","177","158","27.74M","-4.62%"
"Mar 29, 2019","173","180","180","173","16.16M","-3.89%"
"Mar 28, 2019","180","182","183","179","8.12M","-0.55%"
"Mar 27, 2019","181","181","185","180","6.78M","0.56%"
"Mar 26, 2019","180","180","183","179","7.60M","0.56%"
"Mar 25, 2019","179","185","185","178","11.82M","-3.24%"
"Mar 22, 2019","185","184","186","183","21.06M","1.09%"
"Mar 21, 2019","183","177","183","176","25.32M","3.98%"
"Mar 20, 2019","176","176","178","176","2.39M","0.00%"
"Mar 19, 2019","176","178","179","175","6.26M","-1.12%"
"Mar 18, 2019","178","175","179","172","8.98M","3.49%"
"Mar 15, 2019","172","176","177","172","8.11M","-2.27%"
"Mar 14, 2019","176","174","176","172","5.54M","2.33%"
"Mar 13, 2019","172","175","175","170","4.63M","0.58%"
"Mar 12, 2019","171","177","179","170","12.53M","-3.39%"
"Mar 11, 2019","177","179","183","176","6.75M","-0.56%"
"Mar 08, 2019","178","176","187","174","14.91M","1.14%"
"Mar 06, 2019","176","176","178","174","3.84M","0.00%"
"Mar 05, 2019","176","179","181","176","6.44M","-1.68%"
"Mar 04, 2019","179","179","182","178","6.17M","0.00%"
"Mar 01, 2019","179","178","183","178","4.47M","0.00%"
"Feb 28, 2019","179","183","184","178","9.12M","-2.19%"
"Feb 27, 2019","183","181","186","181","7.52M","1.10%"
"Feb 26, 2019","181","180","184","180","6.72M","-0.55%"
"Feb 25, 2019","182","184","187","181","8.09M","-1.09%"
"Feb 22, 2019","184","190","190","183","12.77M","-2.13%"
"Feb 21, 2019","188","182","194","182","13.42M","3.30%"
"Feb 20, 2019","182","183","186","180","11.06M","0.55%"
"Feb 19, 2019","181","184","187","181","10.42M","-1.63%"
"Feb 18, 2019","184","177","185","177","9.84M","3.95%"
"Feb 15, 2019","177","185","189","175","19.98M","-4.32%"
"Feb 14, 2019","185","186","189","185","9.69M","0.00%"
"Feb 13, 2019","185","186","189","184","12.71M","-0.54%"
"Feb 12, 2019","186","194","197","184","27.53M","-3.13%"
"Feb 11, 2019","192","197","199","192","13.18M","-2.54%"
"Feb 08, 2019","197","204","206","197","27.17M","-2.48%"
"Feb 07, 2019","202","191","204","190","67.04M","6.32%"
"Feb 06, 2019","190","188","193","188","6.65M","1.06%"
"Feb 04, 2019","188","188","191","188","7.75M","-0.53%"
"Feb 01, 2019","189","189","193","187","13.30M","-0.53%"
"Jan 31, 2019","190","185","193","183","27.44M","4.40%"
"Jan 30, 2019","182","182","187","181","15.67M","0.00%"
"Jan 29, 2019","182","184","188","181","14.00M","-1.09%"
"Jan 28, 2019","184","194","197","181","23.31M","-4.17%"
"Jan 25, 2019","192","190","194","188","33.36M","2.67%"
"Jan 24, 2019","187","178","187","175","55.05M","7.47%"
"Jan 23, 2019","174","173","178","173","10.00M","0.58%"
"Jan 22, 2019","173","174","174","168","10.65M","0.00%"
"Jan 21, 2019","173","177","179","171","12.98M","-1.14%"
"Jan 18, 2019","175","174","177","174","6.79M","0.57%"
"Jan 17, 2019","174","181","184","174","19.94M","-3.33%"
"Jan 16, 2019","180","172","184","172","47.86M","4.65%"
"Jan 15, 2019","172","172","175","170","18.14M","0.00%"
"Jan 14, 2019","172","168","172","166","26.44M","2.99%"
"Jan 11, 2019","167","160","168","160","19.51M","4.38%"
"Jan 10, 2019","160","163","167","160","12.60M","-1.23%"
"Jan 09, 2019","162","162","165","161","16.34M","0.62%"
"Jan 08, 2019","161","160","164","159","14.73M","1.26%"
"Jan 07, 2019","159","156","162","156","11.31M","1.92%"
"Jan 04, 2019","156","154","156","152","6.47M","1.96%"
"Jan 03, 2019","153","152","156","151","8.23M","0.66%"
"Jan 02, 2019","152","153","154","152","1.58M","0.00%"
"Dec 28, 2018","152","154","155","152","3.09M","0.00%"
"Dec 27, 2018","152","154","155","152","1.65M","-0.65%"
"Dec 26, 2018","153","154","154","151","2.41M","0.00%"
"Dec 21, 2018","153","155","155","152","4.10M","-0.65%"
"Dec 20, 2018","154","157","157","153","4.09M","-1.91%"
"Dec 19, 2018","157","153","157","152","4.82M","2.61%"
"Dec 18, 2018","153","157","157","150","4.77M","-2.55%"
"Dec 17, 2018","157","157","158","155","3.25M","-0.63%"
"Dec 14, 2018","158","160","162","157","5.25M","-0.63%"
"Dec 13, 2018","159","158","161","157","8.76M","1.92%"
"Dec 12, 2018","156","158","158","154","4.37M","0.65%"
"Dec 11, 2018","155","158","159","151","13.21M","-1.90%"
"Dec 10, 2018","158","159","165","156","10.14M","0.00%"
"Dec 07, 2018","158","157","160","156","7.24M","0.64%"
"Dec 06, 2018","157","160","164","154","12.46M","-2.48%"
"Dec 05, 2018","161","162","165","161","8.53M","-2.42%"
"Dec 04, 2018","165","167","170","164","9.49M","-1.20%"
"Dec 03, 2018","167","165","170","162","22.73M","2.45%"
"Nov 30, 2018","163","160","164","160","6.06M","1.88%"
"Nov 29, 2018","160","157","160","157","14.18M","3.23%"
"Nov 28, 2018","155","158","159","154","16.57M","-1.90%"
"Nov 27, 2018","158","166","168","158","13.28M","-4.82%"
"Nov 26, 2018","166","165","171","164","27.64M","0.61%"
"Nov 23, 2018","165","157","168","157","45.03M","6.45%"
"Nov 22, 2018","155","150","157","150","23.07M","4.73%"
"Nov 21, 2018","148","151","152","147","4.91M","-2.63%"
"Nov 19, 2018","152","150","154","150","2.63M","1.33%"
"Nov 16, 2018","150","148","152","148","3.63M","1.35%"
"Nov 15, 2018","148","146","149","144","2.67M","1.37%"
"Nov 14, 2018","146","150","150","145","4.64M","-2.67%"
"Nov 13, 2018","150","143","150","140","4.17M","2.74%"
"Nov 12, 2018","146","152","153","145","6.78M","-3.95%"
"Nov 09, 2018","152","156","159","152","5.03M","-2.56%"
"Nov 08, 2018","156","157","161","156","19.34M","0.65%"
"Nov 07, 2018","155","140","156","139","40.35M","9.93%"
"Nov 06, 2018","141","139","147","138","13.91M","0.71%"
"Nov 05, 2018","140","139","140","138","3.95M","0.00%"
"Nov 02, 2018","140","138","140","134","4.83M","1.45%"
"Nov 01, 2018","138","140","141","137","1.66M","-1.43%"
"Oct 31, 2018","140","135","140","135","2.24M","4.48%"
"Oct 30, 2018","134","134","136","134","663.70K","0.00%"
"Oct 29, 2018","134","136","136","134","829.30K","0.00%"
"Oct 26, 2018","134","136","137","134","1.01M","0.00%"
"Oct 25, 2018","134","135","136","132","1.28M","-0.74%"
"Oct 24, 2018","135","137","138","134","2.36M","-1.46%"
"Oct 23, 2018","137","137","139","137","1.19M","0.00%"
"Oct 22, 2018","137","137","139","136","700.20K","0.00%"
"Oct 19, 2018","137","136","140","136","1.76M","0.74%"
"Oct 18, 2018","136","138","138","136","529.20K","-1.45%"
"Oct 17, 2018","138","139","139","136","1.17M","-0.72%"
"Oct 16, 2018","139","135","139","132","1.59M","4.51%"
"Oct 15, 2018","133","138","138","133","1.88M","-2.21%"
"Oct 12, 2018","136","135","138","135","1.29M","1.49%"
"Oct 11, 2018","134","138","141","131","4.67M","-2.90%"
"Oct 10, 2018","138","138","140","137","3.62M","0.73%"
"Oct 09, 2018","137","137","139","136","22.84M","0.00%"
"Oct 08, 2018","137","147","147","137","14.74M","-6.16%"
"Oct 05, 2018","146","144","147","144","553.00K","0.69%"
"Oct 04, 2018","145","148","148","145","3.07M","-1.36%"
"Oct 03, 2018","147","149","151","147","1.89M","-0.68%"
"Oct 02, 2018","148","150","151","148","1.92M","-0.67%"
"Oct 01, 2018","149","151","154","148","3.32M","-1.32%"
"Sep 28, 2018","151","148","156","146","19.83M","2.72%"
"Sep 27, 2018","147","148","150","144","12.46M","-2.00%"
"Sep 26, 2018","150","151","153","150","1.11M","-0.66%"
"Sep 25, 2018","151","150","152","149","422.80K","-1.31%"
"Sep 24, 2018","153","153","154","148","1.41M","0.00%"
"Sep 21, 2018","153","154","154","149","4.16M","-0.65%"
"Sep 20, 2018","154","145","154","145","8.69M","6.21%"
"Sep 19, 2018","145","145","146","144","784.00K","0.69%"
"Sep 18, 2018","144","148","148","144","804.00K","-1.37%"
"Sep 17, 2018","146","148","149","145","778.00K","-1.35%"
"Sep 14, 2018","148","151","151","147","1.45M","-1.99%"
"Sep 13, 2018","151","143","151","143","3.44M","5.59%"
"Sep 12, 2018","143","144","149","143","9.81M","-0.69%"
"Sep 10, 2018","144","144","145","143","2.06M","0.00%"
"Sep 07, 2018","144","144","146","143","3.51M","0.70%"
"Sep 06, 2018","143","144","148","141","7.62M","-0.69%"
"Sep 05, 2018","144","152","152","140","9.63M","-4.64%"
"Sep 04, 2018","151","153","154","151","1.95M","0.00%"
"Sep 03, 2018","151","152","154","151","2.44M","-0.66%"
"Aug 31, 2018","152","154","154","152","3.45M","-1.94%"
"Aug 30, 2018","155","152","157","152","9.56M","1.97%"
"Aug 29, 2018","152","156","156","151","3.18M","-0.65%"
"Aug 28, 2018","153","152","158","151","16.29M","0.66%"
"Aug 27, 2018","152","153","154","151","3.09M","0.66%"
"Aug 24, 2018","151","152","154","151","4.38M","-0.66%"
"Aug 23, 2018","152","152","154","151","6.07M","0.66%"
"Aug 21, 2018","151","153","154","151","2.37M","-0.66%"
"Aug 20, 2018","152","152","155","151","6.35M","0.66%"
"Aug 16, 2018","151","159","159","151","5.44M","-5.63%"
"Aug 15, 2018","160","152","160","150","8.02M","5.26%"
"Aug 14, 2018","152","160","160","151","10.79M","-4.40%"
"Aug 13, 2018","159","169","170","158","12.10M","-5.92%"
"Aug 10, 2018","169","163","169","161","10.30M","4.97%"
"Aug 09, 2018","161","164","165","161","4.94M","-1.83%"
"Aug 08, 2018","164","165","166","163","1.75M","-0.61%"
"Aug 07, 2018","165","166","170","162","6.00M","0.00%"
"Aug 06, 2018","165","164","167","164","4.52M","0.61%"
"Aug 03, 2018","164","163","165","162","2.86M","0.61%"
"Aug 02, 2018","163","162","164","161","2.21M","0.62%"
"Aug 01, 2018","162","161","165","160","3.00M","0.62%"
"Jul 31, 2018","161","166","166","160","15.33M","-3.01%"
"Jul 30, 2018","166","175","175","166","19.54M","-2.92%"
"Jul 27, 2018","171","164","175","163","27.56M","4.91%"
"Jul 26, 2018","163","163","167","163","6.66M","0.00%"
"Jul 25, 2018","163","162","168","162","5.46M","0.62%"
"Jul 24, 2018","162","161","166","160","6.87M","0.62%"
"Jul 23, 2018","161","161","164","160","3.55M","0.00%"
"Jul 20, 2018","161","162","164","160","1.60M","0.00%"
"Jul 19, 2018","161","162","165","160","3.73M","-0.62%"
"Jul 18, 2018","162","162","168","161","11.02M","0.62%"
"Jul 17, 2018","161","160","164","157","4.25M","0.63%"
"Jul 16, 2018","160","162","165","160","5.18M","-0.62%"
"Jul 13, 2018","161","163","167","161","4.76M","-1.83%"
"Jul 12, 2018","164","162","166","161","5.04M","1.86%"
"Jul 11, 2018","161","163","164","159","3.35M","-1.23%"
"Jul 10, 2018","163","161","167","161","14.09M","1.24%"
"Jul 09, 2018","161","156","163","152","7.44M","3.21%"
"Jul 06, 2018","156","150","168","150","16.47M","4.00%"
"Jul 05, 2018","150","154","154","146","10.26M","-1.32%"
"Jul 04, 2018","152","153","155","147","20.38M","-1.30%"
"Jul 03, 2018","154","164","164","152","23.64M","-4.35%"
"Jul 02, 2018","161","166","168","160","13.74M","-3.01%"
"Jun 29, 2018","166","168","168","164","10.78M","-1.19%"
"Jun 28, 2018","168","176","176","168","11.97M","-4.55%"
"Jun 27, 2018","176","180","183","176","21.93M","-2.76%"
"Jun 26, 2018","181","189","189","180","35.64M","-3.21%"
"Jun 25, 2018","187","186","193","184","19.57M","0.54%"
"Jun 22, 2018","186","192","194","186","19.73M","-3.63%"
"Jun 21, 2018","193","194","194","192","5.37M","-0.52%"
"Jun 20, 2018","194","195","198","192","6.89M","-0.51%"
"Jun 08, 2018","195","198","198","195","5.67M","-1.02%"
"Jun 07, 2018","197","198","198","196","6.06M","0.00%"
"Jun 06, 2018","197","196","198","195","4.21M","1.03%"
"Jun 05, 2018","195","198","199","193","10.24M","-0.51%"
"Jun 04, 2018","196","196","200","196","4.69M","-0.51%"
"May 31, 2018","197","200","202","196","5.32M","-0.51%"
"May 30, 2018","198","204","204","198","13.76M","-2.94%"
"May 28, 2018","204","202","208","199","9.60M","0.99%"
"May 25, 2018","202","200","208","200","22.49M","1.00%"
"May 24, 2018","200","196","206","196","36.45M","2.04%"
"May 23, 2018","196","197","199","195","5.69M","-0.51%"
"May 22, 2018","197","197","199","196","3.83M","0.00%"
"May 21, 2018","197","198","200","196","4.67M","-0.51%"
"May 18, 2018","198","199","202","197","8.04M","-1.00%"
"May 17, 2018","200","202","202","198","3.49M","0.50%"
"May 16, 2018","199","204","206","198","2.74M","-1.49%"
"May 15, 2018","202","200","202","198","4.05M","1.51%"
"May 14, 2018","199","200","202","196","8.02M","-0.50%"
"May 11, 2018","200","200","206","199","18.16M","0.00%"
"May 09, 2018","200","200","204","198","11.61M","0.00%"
"May 08, 2018","200","204","204","200","6.07M","-1.96%"
"May 07, 2018","204","208","208","198","20.56M","-0.97%"
"May 04, 2018","206","210","214","204","12.18M","-1.90%"
"May 03, 2018","210","214","214","206","12.86M","-1.87%"
"May 02, 2018","214","212","216","206","17.27M","0.94%"
"Apr 30, 2018","212","214","218","212","7.94M","-0.93%"
"Apr 27, 2018","214","216","220","214","4.01M","0.00%"
"Apr 26, 2018","214","224","224","212","15.09M","-3.60%"
"Apr 25, 2018","222","230","232","222","15.38M","-2.63%"
"Apr 24, 2018","228","230","236","226","16.66M","0.00%"
"Apr 23, 2018","228","228","230","226","6.09M","0.88%"
"Apr 20, 2018","226","228","228","224","3.16M","0.00%"
"Apr 19, 2018","226","228","232","226","8.58M","-0.88%"
"Apr 18, 2018","228","232","234","228","12.21M","-0.87%"
"Apr 17, 2018","230","226","234","224","27.12M","2.68%"
"Apr 16, 2018","224","222","228","222","3.55M","0.90%"
"Apr 13, 2018","222","224","226","220","18.37M","-0.89%"
"Apr 12, 2018","224","224","226","222","4.37M","0.00%"
"Apr 11, 2018","224","230","230","224","11.26M","-1.75%"
"Apr 10, 2018","228","224","228","222","5.89M","2.70%"
"Apr 09, 2018","222","220","226","218","5.99M","0.00%"
"Apr 06, 2018","222","226","226","220","11.68M","-1.77%"
"Apr 05, 2018","226","224","228","222","9.92M","1.80%"
"Apr 04, 2018","222","234","234","220","21.78M","-4.31%"
"Apr 03, 2018","232","232","232","228","19.07M","0.00%"
"Apr 02, 2018","232","224","242","222","86.28M","7.41%"
"Mar 29, 2018","216","218","218","214","3.87M","-0.92%"
"Mar 28, 2018","218","218","222","216","4.98M","0.00%"
"Mar 27, 2018","218","220","222","218","2.69M","0.00%"
"Mar 26, 2018","218","214","222","214","5.43M","0.93%"
"Mar 23, 2018","216","216","220","212","9.49M","-0.92%"
"Mar 22, 2018","218","220","224","218","10.44M","0.00%"
"Mar 21, 2018","218","216","222","216","3.03M","0.93%"
"Mar 20, 2018","216","214","220","214","3.64M","-0.92%"
"Mar 19, 2018","218","216","222","214","11.86M","1.87%"
"Mar 16, 2018","214","220","226","214","15.21M","-2.73%"
"Mar 15, 2018","220","222","228","218","13.35M","-0.90%"
"Mar 14, 2018","222","226","226","222","3.72M","-0.89%"
"Mar 13, 2018","224","226","228","224","7.09M","-0.88%"
"Mar 12, 2018","226","222","230","222","13.27M","1.80%"
"Mar 09, 2018","222","222","224","220","5.91M","0.00%"
"Mar 08, 2018","222","222","226","218","28.77M","0.00%"
"Mar 07, 2018","222","232","234","222","33.31M","-3.48%"
"Mar 06, 2018","230","230","238","228","41.12M","0.00%"
"Mar 05, 2018","230","230","232","228","13.72M","0.00%"
"Mar 02, 2018","230","232","234","228","27.89M","-0.86%"
"Mar 01, 2018","232","228","238","228","37.01M","0.87%"
"Feb 28, 2018","230","226","234","226","37.18M","1.77%"
"Feb 27, 2018","226","228","230","224","17.77M","0.00%"
"Feb 26, 2018","226","228","230","224","13.61M","0.00%"
"Feb 23, 2018","226","228","234","226","31.10M","0.00%"
"Feb 22, 2018","226","228","230","224","22.51M","-0.88%"
"Feb 21, 2018","228","230","232","228","22.57M","-0.87%"
"Feb 20, 2018","230","234","238","228","53.19M","0.00%"
"Feb 19, 2018","230","220","230","220","56.68M","4.55%"
"Feb 15, 2018","220","218","224","218","26.32M","0.92%"
"Feb 14, 2018","218","220","222","216","19.90M","0.00%"
"Feb 13, 2018","218","220","224","216","37.01M","-0.91%"
"Feb 12, 2018","220","218","220","216","13.12M","1.85%"
"Feb 09, 2018","216","220","222","214","26.03M","-3.57%"
"Feb 08, 2018","224","218","224","214","22.55M","4.67%"
"Feb 07, 2018","214","218","228","214","39.10M","0.00%"
"Feb 06, 2018","214","226","228","208","74.26M","-5.31%"
"Feb 05, 2018","226","232","234","222","29.56M","-3.42%"
"Feb 02, 2018","234","240","244","228","17.42M","-2.50%"
"Feb 01, 2018","240","236","248","236","61.75M","1.69%"
"Jan 31, 2018","236","234","240","228","26.31M","0.00%"
"Jan 30, 2018","236","228","250","228","49.24M","-4.07%"
"Jan 29, 2018","246","244","248","242","59.20M","2.50%"
"Jan 26, 2018","240","224","244","224","96.57M","7.14%"
"Jan 25, 2018","224","228","230","224","25.37M","-0.88%"
"Jan 24, 2018","226","226","230","220","55.82M","2.73%"
"Jan 23, 2018","220","218","224","218","18.67M","0.92%"
"Jan 22, 2018","218","224","224","218","21.41M","-1.80%"
"Jan 19, 2018","222","224","226","222","13.11M","0.00%"
"Jan 18, 2018","222","226","226","222","14.79M","-0.89%"
"Jan 17, 2018","224","226","228","222","24.58M","0.00%"
"Jan 16, 2018","224","238","238","222","57.80M","-2.61%"
"Jan 15, 2018","230","222","232","222","52.23M","3.60%"
"Jan 12, 2018","222","220","224","220","9.96M","0.91%"
"Jan 11, 2018","220","222","226","220","15.57M","-0.90%"
"Jan 10, 2018","222","232","232","218","56.26M","-4.31%"
"Jan 09, 2018","232","238","240","232","20.53M","-0.85%"
"Jan 08, 2018","234","234","246","234","37.07M","0.00%"
"Jan 05, 2018","234","230","238","228","30.57M","2.63%"
"Jan 04, 2018","228","230","236","226","31.00M","-0.87%"
"Jan 03, 2018","230","234","234","224","28.65M","-0.86%"
"Jan 02, 2018","232","216","236","212","100.04M","10.48%"
"Dec 29, 2017","210","208","214","206","27.96M","1.94%"
"Dec 28, 2017","206","204","210","204","14.89M","0.98%"
"Dec 27, 2017","204","204","208","202","21.68M","0.99%"
"Dec 22, 2017","202","210","210","202","14.37M","-2.88%"
"Dec 21, 2017","208","202","212","200","58.92M","4.00%"
"Dec 20, 2017","200","206","206","200","48.64M","-2.91%"
"Dec 19, 2017","206","208","212","206","34.24M","-0.96%"
"Dec 18, 2017","208","218","218","206","36.12M","-3.70%"
"Dec 15, 2017","216","204","218","202","87.84M","6.93%"
"Dec 14, 2017","202","200","208","198","49.81M","1.51%"
"Dec 13, 2017","199","202","202","196","19.49M","-1.49%"
"Dec 12, 2017","202","206","208","200","17.60M","-0.98%"
"Dec 11, 2017","204","208","214","204","19.54M","-1.92%"
"Dec 08, 2017","208","204","210","204","21.50M","1.96%"
"Dec 07, 2017","204","210","214","204","18.20M","-2.86%"
"Dec 06, 2017","210","210","222","210","19.59M","0.00%"
"Dec 05, 2017","210","220","220","210","22.56M","-4.55%"
"Dec 04, 2017","220","224","224","218","10.78M","-0.90%"
"Nov 30, 2017","222","228","228","222","19.26M","-2.63%"
"Nov 29, 2017","228","230","232","228","22.88M","-0.87%"
"Nov 28, 2017","230","240","242","228","36.16M","-4.17%"
"Nov 27, 2017","240","244","246","240","17.66M","-1.64%"
"Nov 24, 2017","244","246","250","244","3.25M","-0.81%"
"Nov 23, 2017","246","248","250","246","4.10M","-0.81%"
"Nov 22, 2017","248","246","254","244","14.09M","0.81%"
"Nov 21, 2017","246","252","254","246","9.29M","-2.38%"
"Nov 20, 2017","252","244","256","242","28.33M","3.28%"
"Nov 17, 2017","244","244","248","244","8.99M","0.00%"
"Nov 16, 2017","244","248","250","242","11.05M","-1.61%"
"Nov 15, 2017","248","240","250","236","38.29M","3.33%"
"Nov 14, 2017","240","246","248","240","13.17M","-1.64%"
"Nov 13, 2017","244","248","248","242","8.54M","-0.81%"
"Nov 10, 2017","246","252","252","246","16.35M","-1.60%"
"Nov 09, 2017","250","256","256","250","10.42M","-1.57%"
"Nov 08, 2017","254","250","260","248","27.62M","1.60%"
"Nov 07, 2017","250","252","256","248","12.42M","0.00%"
"Nov 06, 2017","250","252","256","248","15.59M","-0.79%"
"Nov 03, 2017","252","248","258","248","21.98M","1.61%"
"Nov 02, 2017","248","256","260","248","29.67M","-3.13%"
"Nov 01, 2017","256","262","268","254","27.42M","-2.29%"
"Oct 31, 2017","262","270","274","262","59.45M","-3.68%"
"Oct 30, 2017","272","276","280","260","47.45M","-2.86%"
"Oct 27, 2017","280","276","282","274","30.53M","1.45%"
"Oct 26, 2017","276","278","282","272","39.64M","-0.72%"
"Oct 25, 2017","278","270","280","264","107.39M","3.73%"
"Oct 24, 2017","268","252","268","248","60.24M","7.20%"
"Oct 23, 2017","250","260","262","250","36.44M","-3.10%"
"Oct 20, 2017","258","260","268","258","38.87M","0.00%"
"Oct 19, 2017","258","258","264","256","26.28M","0.00%"
"Oct 18, 2017","258","268","270","256","74.09M","-3.73%"
"Oct 17, 2017","268","276","280","266","37.60M","-2.90%"
"Oct 16, 2017","276","280","282","272","35.51M","-1.43%"
"Oct 13, 2017","280","286","286","274","32.34M","-1.41%"
"Oct 12, 2017","284","288","292","284","30.88M","-1.39%"
"Oct 11, 2017","288","288","290","284","20.73M","0.70%"
"Oct 10, 2017","286","290","294","286","24.02M","-0.69%"
"Oct 09, 2017","288","290","296","284","32.65M","-0.69%"
"Oct 06, 2017","290","296","298","284","60.17M","-2.03%"
"Oct 05, 2017","296","296","298","290","35.49M","2.07%"
"Oct 04, 2017","290","290","300","284","71.81M","0.00%"
"Oct 03, 2017","290","288","294","284","36.61M","2.11%"
"Oct 02, 2017","284","280","294","278","70.73M","1.43%"
"Sep 29, 2017","280","284","284","276","31.36M","0.00%"
"Sep 28, 2017","280","266","282","266","107.86M","6.06%"
"Sep 27, 2017","264","280","280","258","93.55M","-5.71%"
"Sep 26, 2017","280","294","300","280","96.51M","-4.76%"
"Sep 25, 2017","294","296","302","294","33.59M","0.00%"
"Sep 22, 2017","294","296","308","294","68.97M","-0.68%"
"Sep 20, 2017","296","296","302","294","27.75M","0.00%"
"Sep 19, 2017","296","298","304","290","62.04M","-0.67%"
"Sep 18, 2017","298","310","310","292","93.16M","-3.25%"
"Sep 15, 2017","308","306","310","300","133.59M","1.32%"
"Sep 14, 2017","304","286","306","280","291.02M","8.57%"
"Sep 13, 2017","280","282","286","268","80.86M","0.00%"
"Sep 12, 2017","280","274","292","270","167.52M","2.19%"
"Sep 11, 2017","274","270","282","266","55.09M","1.48%"
"Sep 08, 2017","270","280","294","266","244.06M","-2.17%"
"Sep 07, 2017","276","238","276","236","233.47M","16.95%"
"Sep 06, 2017","236","234","238","230","22.13M","0.85%"
"Sep 05, 2017","234","236","242","232","26.16M","-0.85%"
"Sep 04, 2017","236","234","238","232","20.84M","0.00%"
"Aug 31, 2017","236","236","238","230","23.90M","0.00%"
"Aug 30, 2017","236","238","238","232","16.39M","-0.84%"
"Aug 29, 2017","238","234","238","228","21.40M","2.59%"
"Aug 28, 2017","232","238","240","230","11.75M","-1.69%"
"Aug 25, 2017","236","228","236","226","24.70M","3.51%"
"Aug 24, 2017","228","232","232","226","13.16M","-0.87%"
"Aug 23, 2017","230","234","238","230","21.19M","-0.86%"
"Aug 22, 2017","232","236","238","230","13.09M","0.00%"
"Aug 21, 2017","232","232","238","232","15.81M","0.00%"
"Aug 18, 2017","232","236","236","230","15.04M","-1.69%"
"Aug 16, 2017","236","242","244","234","23.99M","-1.67%"
"Aug 15, 2017","240","242","246","240","39.85M","0.00%"
"Aug 14, 2017","240","232","244","232","98.85M","6.19%"
"Aug 11, 2017","226","226","228","218","15.22M","-0.88%"
"Aug 10, 2017","228","230","232","224","18.86M","-0.87%"
"Aug 09, 2017","230","234","234","230","18.12M","-0.86%"
"Aug 08, 2017","232","232","236","228","37.10M","0.00%"
"Aug 07, 2017","232","226","232","226","33.78M","2.65%"
"Aug 04, 2017","226","230","232","222","24.73M","-1.74%"
"Aug 03, 2017","230","224","234","224","34.16M","1.77%"
"Aug 02, 2017","226","226","228","222","11.26M","0.00%"
"Aug 01, 2017","226","224","230","224","9.62M","0.89%"
"Jul 31, 2017","224","230","230","224","36.12M","-1.75%"
"Jul 28, 2017","228","216","240","216","69.19M","5.56%"
"Jul 27, 2017","216","214","218","212","21.34M","0.93%"
"Jul 26, 2017","214","218","218","212","14.12M","-0.93%"
"Jul 25, 2017","216","210","218","210","19.54M","1.89%"
"Jul 24, 2017","212","208","216","206","25.78M","2.91%"
"Jul 21, 2017","206","206","214","206","28.92M","0.00%"
"Jul 20, 2017","206","204","214","202","38.90M","0.00%"
"Jul 19, 2017","206","192","216","190","78.01M","7.85%"
"Jul 18, 2017","191","194","196","191","4.42M","-1.55%"
"Jul 17, 2017","194","195","198","194","6.16M","-1.02%"
"Jul 14, 2017","196","198","198","195","4.04M","-0.51%"
"Jul 13, 2017","197","198","202","197","7.52M","-1.50%"
"Jul 12, 2017","200","189","204","189","49.97M","5.82%"
"Jul 11, 2017","189","188","191","188","9.92M","0.53%"
"Jul 10, 2017","188","187","189","186","5.52M","0.53%"
"Jul 07, 2017","187","185","187","185","6.04M","1.08%"
"Jul 06, 2017","185","187","187","185","2.36M","-0.54%"
"Jul 05, 2017","186","187","188","184","8.00M","-0.53%"
"Jul 04, 2017","187","189","190","186","6.09M","-1.06%"
"Jul 03, 2017","189","188","190","186","3.62M","1.07%"
"Jun 22, 2017","187","188","189","186","2.52M","0.00%"
"Jun 21, 2017","187","190","190","186","4.62M","-0.53%"
"Jun 20, 2017","188","188","191","188","3.50M","-1.05%"
"Jun 19, 2017","190","189","192","189","5.60M","0.00%"
"Jun 16, 2017","190","190","191","189","25.81M","0.53%"
"Jun 15, 2017","189","189","191","187","15.05M","0.00%"
"Jun 14, 2017","189","190","190","187","5.26M","1.07%"
"Jun 13, 2017","187","188","190","187","6.19M","-1.58%"
"Jun 12, 2017","190","190","192","188","6.02M","0.00%"
"Jun 09, 2017","190","189","192","189","7.41M","0.00%"
"Jun 08, 2017","190","192","196","190","30.40M","-1.04%"
"Jun 07, 2017","192","186","194","186","35.08M","3.23%"
"Jun 06, 2017","186","189","191","186","7.05M","-1.59%"
"Jun 05, 2017","189","187","193","187","36.10M","1.61%"
"Jun 02, 2017","186","185","190","184","30.18M","1.64%"
"May 31, 2017","183","194","194","183","58.75M","-5.18%"
"May 30, 2017","193","193","195","192","8.37M","0.00%"
"May 29, 2017","193","195","196","193","11.98M","0.00%"
"May 26, 2017","193","193","197","193","7.55M","-0.52%"
"May 24, 2017","194","200","200","193","9.15M","0.00%"
"May 23, 2017","194","198","200","193","10.93M","-1.52%"
"May 22, 2017","197","195","202","195","24.52M","1.55%"
"May 19, 2017","194","190","197","190","22.52M","1.04%"
"May 18, 2017","192","195","195","190","11.22M","-1.03%"
"May 17, 2017","194","196","197","193","20.38M","-0.51%"
"May 16, 2017","195","200","200","194","19.65M","-2.50%"
"May 15, 2017","200","202","204","198","6.69M","0.00%"
"May 12, 2017","200","200","204","199","10.46M","0.50%"
"May 10, 2017","199","204","206","199","15.95M","-2.45%"
"May 09, 2017","204","204","208","202","8.94M","0.00%"
"May 08, 2017","204","206","208","202","6.80M","0.00%"
"May 05, 2017","204","206","208","202","12.47M","-0.97%"
"May 04, 2017","206","208","208","204","13.65M","0.00%"
"May 03, 2017","206","208","212","206","17.99M","-1.90%"
"May 02, 2017","210","210","212","206","12.01M","0.00%"
"Apr 28, 2017","210","210","214","208","9.88M","0.96%"
"Apr 27, 2017","208","212","212","208","9.88M","-1.89%"
"Apr 26, 2017","212","214","216","210","9.04M","0.00%"
"Apr 25, 2017","212","214","218","212","13.94M","-1.85%"
"Apr 21, 2017","216","212","216","210","12.38M","2.86%"
"Apr 20, 2017","210","220","222","208","60.18M","-7.08%"
"Apr 18, 2017","226","218","226","218","26.40M","3.67%"
"Apr 17, 2017","218","224","224","216","11.04M","-1.80%"
"Apr 13, 2017","222","222","226","218","21.21M","0.91%"
"Apr 12, 2017","220","212","222","212","32.55M","3.77%"
"Apr 11, 2017","212","212","214","212","13.47M","0.00%"
"Apr 10, 2017","212","212","214","210","26.85M","0.00%"
"Apr 07, 2017","212","214","214","212","4.42M","0.00%"
"Apr 06, 2017","212","212","214","212","3.20M","0.00%"
"Apr 05, 2017","212","212","216","210","19.25M","0.00%"
"Apr 04, 2017","212","214","216","212","11.38M","-0.93%"
"Apr 03, 2017","214","218","218","214","8.91M","-1.83%"
"Mar 31, 2017","218","220","222","214","19.12M","-0.91%"
"Mar 30, 2017","220","224","224","218","18.11M","-0.90%"
"Mar 29, 2017","222","220","224","220","12.13M","0.91%"
"Mar 27, 2017","220","222","222","218","4.31M","-0.90%"
"Mar 24, 2017","222","222","222","218","2.43M","0.91%"
"Mar 23, 2017","220","222","222","218","12.15M","-0.90%"
"Mar 22, 2017","222","222","222","220","6.33M","0.00%"
"Mar 21, 2017","222","220","224","218","10.48M","0.91%"
"Mar 20, 2017","220","224","224","220","14.22M","-1.79%"
"Mar 17, 2017","224","226","226","218","25.53M","0.00%"
"Mar 16, 2017","224","226","228","220","84.29M","0.00%"
"Mar 15, 2017","224","228","228","222","10.70M","-0.88%"
"Mar 14, 2017","226","224","240","224","17.76M","0.89%"
"Mar 13, 2017","224","224","226","222","2.59M","0.00%"
"Mar 10, 2017","224","224","228","222","15.21M","-0.88%"
"Mar 09, 2017","226","226","228","224","7.14M","0.00%"
"Mar 08, 2017","226","226","228","226","7.99M","0.00%"
"Mar 07, 2017","226","226","228","224","10.50M","0.00%"
"Mar 06, 2017","226","226","228","222","14.31M","0.89%"
"Mar 03, 2017","224","224","230","222","23.37M","-0.88%"
"Mar 02, 2017","226","226","228","224","9.54M","0.89%"
"Mar 01, 2017","224","228","230","224","15.00M","-0.88%"
"Feb 28, 2017","226","230","230","226","10.40M","-0.88%"
"Feb 27, 2017","228","230","234","226","14.85M","-0.87%"
"Feb 24, 2017","230","226","230","226","20.29M","1.77%"
"Feb 23, 2017","226","224","230","224","15.30M","0.89%"
"Feb 22, 2017","224","226","228","222","21.41M","0.00%"
"Feb 21, 2017","224","226","230","224","19.32M","0.00%"
"Feb 20, 2017","224","226","228","224","14.75M","-0.88%"
"Feb 17, 2017","226","228","232","224","17.71M","-0.88%"
"Feb 16, 2017","228","238","246","226","53.39M","-4.20%"
"Feb 14, 2017","238","234","246","232","78.66M","2.59%"
"Feb 13, 2017","232","228","234","226","39.94M","2.65%"
"Feb 10, 2017","226","224","228","222","20.68M","1.80%"
"Feb 09, 2017","222","224","226","222","16.09M","-0.89%"
"Feb 08, 2017","224","226","226","222","14.25M","0.00%"
"Feb 07, 2017","224","226","226","222","13.22M","0.00%"
"Feb 06, 2017","224","226","228","224","15.65M","0.00%"
"Feb 03, 2017","224","222","228","222","24.03M","0.90%"
"Feb 02, 2017","222","222","224","220","16.28M","0.91%"
"Feb 01, 2017","220","222","226","220","33.52M","0.00%"
"Jan 31, 2017","220","222","224","220","8.75M","-0.90%"
"Jan 30, 2017","222","222","224","220","10.51M","0.00%"
"Jan 27, 2017","222","226","226","220","22.41M","-0.89%"
"Jan 26, 2017","224","222","228","222","10.25M","0.90%"
"Jan 25, 2017","222","224","228","222","15.88M","-0.89%"
"Jan 24, 2017","224","228","228","224","21.80M","-0.88%"
"Jan 23, 2017","226","226","230","224","15.63M","0.00%"
"Jan 20, 2017","226","230","232","226","22.85M","-1.74%"
"Jan 19, 2017","230","228","242","228","62.65M","0.88%"
"Jan 18, 2017","228","226","234","224","31.54M","0.88%"
"Jan 17, 2017","226","226","228","222","13.39M","0.89%"
"Jan 16, 2017","224","230","232","224","11.48M","-2.61%"
"Jan 13, 2017","230","230","234","226","18.81M","0.88%"
"Jan 12, 2017","228","224","236","224","51.05M","1.79%"
"Jan 11, 2017","224","222","226","222","16.54M","0.90%"
"Jan 10, 2017","222","222","222","218","9.53M","0.91%"
"Jan 09, 2017","220","224","226","218","15.65M","-0.90%"
"Jan 06, 2017","222","222","226","218","27.47M","0.00%"
"Jan 05, 2017","222","222","228","220","36.52M","0.91%"
"Jan 04, 2017","220","208","222","208","45.95M","4.76%"
"Jan 03, 2017","210","212","212","206","8.63M","0.00%"